{"center": [703.8433608494528, 700.0207246065002], "radius": 699.3872040280916, "sf": 9.325162720374554}