{"center": [701.9408026889797, 840.3693459314218], "inner_radius": 193.0563205421262, "outer_radius": 386.1126410842524, "inner_circle_1_center": [509.40224872545105, 854.0953155242466], "inner_circle_2_center": [894.4793566525084, 826.6433763385969], "corner": [1087.130543687071, 824.4620005451192]}