{"center": [705.5314463080346, 598.7791138407481], "inner_radius": 196.29668177392213, "outer_radius": 392.59336354784426, "inner_circle_1_center": [901.7840674762501, 597.1686090328581], "inner_circle_2_center": [509.278825139819, 600.3896186486381], "corner": [311.7437144466099, 600.3846386575574]}