{
    "projector_width": 1280,
    "projector_height": 800,
    "camera_index": 0,
    "FPS": 10,
    "projection_margins": [
        [
            185.8279822277245,
            383.94375745292086
        ],
        [
            1767.958486359869,
            364.28103058252725
        ],
        [
            1780.4891306332968,
            1372.539685249068
        ],
        [
            198.35862650115217,
            1392.2024121194615
        ]
    ],
    "working_area": [
        [
            242.62317649414427,
            379.3519211532017
        ],
        [
            1530.996654155682,
            363.3400082723398
        ],
        [
            1543.6275435991167,
            1379.6647334491001
        ],
        [
            255.25406593757884,
            1395.676646329962
        ]
    ],
    "projection_params": [
        972.1686879246498,
        890.3916612496706,
        1582.2526836549887,
        1008.3365171191064,
        -0.012427365868508398
    ],
    "working_params": [
        882.1267036183224,
        890.539322721891,
        1288.4729718918397,
        1016.4032105290449,
        -0.012427365868508398
    ],
    "exp_region_x": [
        0.03592844061033854,
        0.8502566355959077
    ],
    "exp_region_y": [
        0.0,
        1.0
    ],
    "physical_x": 9.75,
    "physical_y": 7.5,
    "timestamp": "20240416120834"
}