{
    "projector_width": 1280,
    "projector_height": 800,
    "camera_index": 0,
    "FPS": 10,
    "projection_margins": [
        [
            271.0197471719528,
            312.2310130219807
        ],
        [
            1707.1528000528679,
            328.70438391508833
        ],
        [
            1696.744878490649,
            1236.0572423120457
        ],
        [
            260.611825609734,
            1219.583871418938
        ]
    ],
    "working_area": [
        [
            365.119580668265,
            318.070591861337
        ],
        [
            1519.7529460426063,
            331.31498007119865
        ],
        [
            1509.4306436384425,
            1231.2036404214837
        ],
        [
            354.797278264101,
            1217.959252211622
        ]
    ],
    "projection_params": [
        992.696939238758,
        762.8081821333543,
        1436.2275298592629,
        907.4125492147297,
        0.011470140888974262
    ],
    "working_params": [
        946.0984589684157,
        763.8357176144302,
        1154.7093237065035,
        899.947860130771,
        0.011470140888974262
    ],
    "exp_region_x": [
        0.06556107639523125,
        0.8695488148976775
    ],
    "exp_region_y": [
        0.0052455523423986395,
        0.9970192069051237
    ],
    "physical_x": 9.625,
    "physical_y": 7.375,
    "timestamp": "20240419111528"
}