{"center": [697.4944319994319, 695.4943624298916], "radius": 704.2643868747735, "sf": 9.39019182499698}