{"center": [693.709395620393, 729.6444770315748], "radius": 441.2261181988091, "trail_width": 15.972276246425736}