{"center": [693.1603577468172, 717.9971454021553], "radius": 217.41928478583512, "trail_width": 12.134526682783132}