{"center": [413.94399015449073, 414.54344826090505], "radius": 414.08652952211634, "sf": 5.521153726961551}