{"center": [429.0376564523194, 440.84116450863047], "radius": 245.69431280620057, "trail_width": 7.279938674838604}