{"center": [428.0900419883235, 434.39884831343863], "radius": 120.98845754941088, "trail_width": 7.583130000178528}