{
    "CAM_INDEX": 0,
    "FPS": 10,
    "CAM_EXPOSURE_TIME": 7000.0,
    "CAM_GAIN": 0.0,
    "CAM_FORMAT": "Mono8",
    "CAM_WIDTH": 2048,
    "CAM_HEIGHT": 2048,
    "CAM_OFFSETX": 248,
    "CAM_OFFSETY": 0,
    "projector_width": 1280,
    "projector_height": 800,
    "projection_margins": [
        [
            271.0197471719528,
            312.2310130219807
        ],
        [
            1707.1528000528679,
            328.70438391508833
        ],
        [
            1696.744878490649,
            1236.0572423120457
        ],
        [
            260.611825609734,
            1219.583871418938
        ]
    ],
    "working_area": [
        [
            365.119580668265,
            318.070591861337
        ],
        [
            1519.7529460426063,
            331.31498007119865
        ],
        [
            1509.4306436384425,
            1231.2036404214837
        ],
        [
            354.797278264101,
            1217.959252211622
        ]
    ],
    "projection_params": [
        992.696939238758,
        762.8081821333543,
        1436.2275298592629,
        907.4125492147297,
        0.011470140888974262
    ],
    "working_params": [
        946.0984589684157,
        763.8357176144302,
        1154.7093237065035,
        899.947860130771,
        0.011470140888974262
    ],
    "exp_region_x": [
        0.06556107639523125,
        0.8695488148976775
    ],
    "exp_region_y": [
        0.0052455523423986395,
        0.9970192069051237
    ],
    "physical_x": 9.625,
    "physical_y": 7.375,
    "timestamp": "20240419111528",
    "camera_index": 0,
    "projector_space_arena_center": [
        394.88848709042117,
        381.9599131691914
    ],
    "projector_space_arena_radius": 349.5927632789291,
    "calibration_detail": 12,
    "camera_space_arena_center": [
        1009.2402602476984,
        1049.146421206818
    ],
    "camera_space_arena_radius": 953.9581293453251,
    "projection_space_detail_markers": [
        [
            794,
            1104
        ],
        [
            838,
            956
        ],
        [
            962,
            862
        ],
        [
            1113,
            860
        ],
        [
            1233,
            945
        ],
        [
            1281,
            1090
        ],
        [
            1233,
            1232
        ],
        [
            1113,
            1324
        ],
        [
            965,
            1329
        ],
        [
            840,
            1241
        ],
        [
            549,
            1098
        ],
        [
            636,
            811
        ],
        [
            882,
            626
        ],
        [
            1182,
            619
        ],
        [
            1423,
            792
        ],
        [
            1517,
            1074
        ],
        [
            1426,
            1358
        ],
        [
            1185,
            1543
        ],
        [
            888,
            1549
        ],
        [
            641,
            1380
        ],
        [
            299,
            1090
        ],
        [
            431,
            658
        ],
        [
            798,
            384
        ],
        [
            1246,
            376
        ],
        [
            1610,
            632
        ],
        [
            1747,
            1056
        ],
        [
            1614,
            1482
        ],
        [
            1255,
            1754
        ],
        [
            809,
            1764
        ],
        [
            441,
            1511
        ],
        [
            53,
            1074
        ],
        [
            232,
            501
        ],
        [
            709,
            135
        ],
        [
            1304,
            132
        ],
        [
            1779,
            473
        ],
        [
            1966,
            1030
        ],
        [
            1790,
            1594
        ],
        [
            1321,
            1958
        ],
        [
            729,
            1967
        ],
        [
            246,
            1633
        ]
    ],
    "projector_space_detail_markers": [
        [
            482.28667791015346,
            381.9599131691914
        ],
        [
            465.5951087412091,
            433.33128081007345
        ],
        [
            421.89601333134294,
            465.080532060705
        ],
        [
            367.8809608494994,
            465.0805320607051
        ],
        [
            324.18186543963327,
            433.33128081007345
        ],
        [
            307.4902962706889,
            381.9599131691914
        ],
        [
            324.1818654396332,
            330.58854552830934
        ],
        [
            367.8809608494994,
            298.83929427767777
        ],
        [
            421.89601333134294,
            298.8392942776777
        ],
        [
            465.59510874120906,
            330.58854552830934
        ],
        [
            569.6848687298857,
            381.9599131691914
        ],
        [
            536.301730391997,
            484.7026484509555
        ],
        [
            448.9035395722648,
            548.2011509522187
        ],
        [
            340.8734346085776,
            548.2011509522188
        ],
        [
            253.47524378884532,
            484.7026484509555
        ],
        [
            220.0921054509566,
            381.9599131691914
        ],
        [
            253.4752437888453,
            279.21717788742734
        ],
        [
            340.87343460857755,
            215.7186753861641
        ],
        [
            448.9035395722647,
            215.71867538616408
        ],
        [
            536.301730391997,
            279.2171778874273
        ],
        [
            657.0830595496179,
            381.9599131691914
        ],
        [
            607.008352042785,
            536.0740160918375
        ],
        [
            475.91106581318655,
            631.3217698437323
        ],
        [
            313.86590836765583,
            631.3217698437323
        ],
        [
            182.7686221380574,
            536.0740160918376
        ],
        [
            132.69391463122435,
            381.95991316919145
        ],
        [
            182.76862213805734,
            227.84581024654528
        ],
        [
            313.8659083676558,
            132.59805649465045
        ],
        [
            475.9110658131865,
            132.59805649465042
        ],
        [
            607.008352042785,
            227.8458102465452
        ],
        [
            744.4812503693503,
            381.9599131691914
        ],
        [
            677.7149736935729,
            587.4453837327196
        ],
        [
            502.91859205410833,
            714.4423887352459
        ],
        [
            286.858382126734,
            714.442388735246
        ],
        [
            112.06200048726947,
            587.4453837327196
        ],
        [
            45.29572381149205,
            381.95991316919145
        ],
        [
            112.06200048726942,
            176.47444260566326
        ],
        [
            286.85838212673394,
            49.47743760313682
        ],
        [
            502.9185920541083,
            49.477437603136764
        ],
        [
            677.7149736935728,
            176.47444260566314
        ]
    ]
}