{"center": [701.6226681126961, 703.8541236309136], "radius": 700.291429238338, "sf": 9.337219056511174}