{"center": [693.6103025898537, 840.292939310728], "inner_radius": 191.6192031724803, "outer_radius": 383.2384063449606, "inner_circle_1_center": [502.3117710472518, 850.3587273078667], "inner_circle_2_center": [884.9088341324557, 830.2271513135893], "corner": [1076.4807080631783, 829.2787941497853]}