{"center": [701.6197283235075, 596.57330653093], "inner_radius": 198.33490887815066, "outer_radius": 396.6698177563013, "inner_circle_1_center": [899.6425056607779, 588.5748814479392], "inner_circle_2_center": [503.59695098623706, 604.5717316139209], "corner": [304.32221305716797, 608.6501166322761]}